constituency,coverage
Aldershot,89.5462283327111,197,3
Aldridge-Brownhills,91.76721553257953,194,6
Altrincham and Sale West,80.53442124220797,195,5
Amber Valley,94.4230700196542,182,16,0,2
Arundel and South Downs,94.59151279400815,97,70,0,21,0,9,0,0,3
Ashfield,90.43163982304945,184,14,2
Ashford,92.56804979220485,168,25,0,7
Ashton-under-Lyne,86.9618322841598,199,1
Aylesbury,92.09904913127077,164,28,8
Banbury,93.3438035053085,134,50,0,14,0,0,2
Barking,81.68807912191244,200
Barnsley North,91.29417101503475,191,9
Barnsley South,85.8042698631614,193,7
Barrow and Furness,95.40672325580576,109,55,0,23,0,12,0,0,1
Basildon and Billericay,92.52320998491291,190,8,2
Basingstoke,88.04125225056615,188,11,1
Bassetlaw,93.7226922418273,143,47,0,9,0,1
Bath,91.04100913814848,189,9,2
Battersea,48.19928490014151,199
Beaconsfield,85.9378549024704,179,18,3
Beckenham and Penge,79.61459869449344,200
Bedford,81.8974143805695,198,2
Bermondsey and Old Southwark,0.0
Bethnal Green and Stepney,86.10036291693962,200
Beverley and Holderness,96.06163851064382,97,71,0,28,0,0,4
Bexhill and Battle,95.29466548179734,141,44,0,14,0,0,1
Bexleyheath and Crayford,78.17608419012203,200
Bicester and Woodstock,94.00270142642536,142,43,0,14,0,0,1
Birkenhead,92.38690586682235,197,3
Birmingham Edgbaston,84.72898245027976,200
Birmingham Erdington,79.9798128007388,200
Birmingham Hall Green and Moseley,63.74584273724212,200
Birmingham Hodge Hill and Solihull North,72.30908529688266,200
Birmingham Ladywood,67.40300292239588,200
Birmingham Northfield,67.49648186627601,200
Birmingham Perry Barr,74.14503147747028,200
Birmingham Selly Oak,73.74595978289115,200
Birmingham Yardley,52.65147455214067,200
Bishop Auckland,95.9295943938366,48,76,46,0,21,0,0,7,0,0,0,0,2
Blackburn,90.48772387681214,194,6
Blackley and Middleton South,75.18779108478269,199,1
Blackpool North and Fleetwood,89.82431005785088,197,3
Blackpool South,81.34791581647063,197,3
Blaydon and Consett,91.91956021233644,182,16,2
Blyth and Ashington,93.26655562420022,185,12,3
Bognor Regis and Littlehampton,74.40558917916701,198,2
Bolsover,93.5131618298263,167,32,0,1
Bolton North East,75.74889389550134,197,3
Bolton South and Walkden,85.59225151690013,198,2
Bolton West,92.35545503807236,188,9,3
Bootle,88.45077250491423,199,1
Boston and Skegness,96.3090585994956,87,69,0,27,0,15,0,0,2
Bournemouth East,72.04886492778168,200
Bournemouth West,86.45874976835485,200
Bracknell,93.50836168297798,198,2
Bradford East,64.90639209442257,200
Bradford South,65.73077423494989,200
Bradford West,78.5042766962043,199,1
Braintree,95.27571115794287,120,44,24,0,10,0,0,2
Brent East,54.144160891464736,200
Brent West,88.93328427417134,200
Brentford and Isleworth,68.18103955420808,200
Brentwood and Ongar,96.64208335672774,156,32,0,10,0,2
Bridgwater,92.09118473396308,159,33,0,7,0,0,1
Bridlington and The Wolds,94.9847726276272,86,79,0,25,0,9,0,0,0,1
Brigg and Immingham,94.72463093832586,132,54,0,13,0,0,1
Brighton Kemptown and Peacehaven,77.71173188451304,200
Brighton Pavilion,72.95381292870172,200
Bristol Central,79.00450140643542,200
Bristol East,77.25592360382299,200
Bristol North East,50.10397911310811,200
Bristol North West,93.71145114061876,188,12
Bristol South,81.94911613731912,200
Broadland and Fakenham,90.5221610225563,94,87,0,17,0,2
Bromley and Biggin Hill,88.57300618691143,200
Bromsgrove,91.09808010795005,170,26,0,4
Broxbourne,93.02635552746156,187,12,1
Broxtowe,77.79169315839579,198,2
Buckingham and Bletchley,94.607091117927,128,46,22,0,4
Burnley,94.45005148534666,183,15,0,2
Burton and Uttoxeter,88.8236671419513,166,30,4
Bury North,79.00130912720542,194,6
Bury South,80.37601821729658,199,1
Bury St Edmunds and Stowmarket,93.07511515035453,129,42,22,0,7
Calder Valley,94.64018995536983,149,33,15,0,3
Camborne and Redruth,91.66626736494051,154,37,9
Cambridge,81.6906095144596,198,2
Cannock Chase,93.6284190460884,188,10,2
Canterbury,91.15705942352798,160,28,10,0,2
Carlisle,95.4621161285807,82,60,34,0,16,0,0,7,0,0,0,1
Carshalton and Wallington,81.53897364612381,200
Castle Point,94.72761312974899,188,9,3
Central Devon,91.92584046082634,27,87,52,0,25,0,0,8,0,0,0,0,1
Central Suffolk and North Ipswich,94.04283231027617,114,46,26,0,12,0,0,2
Chatham and Aylesford,81.96308467569419,197,3
Cheadle,83.26477591923405,200
Chelmsford,80.129256804146,198,2
Chelsea and Fulham,71.07197796972657,200
Cheltenham,87.63970587748932,197,3
Chesham and Amersham,89.53219316513575,177,20,3
Chester North and Neston,92.01403699372884,182,18
Chester South and Eddisbury,94.41860050264715,106,65,0,18,0,8,0,0,3
Chesterfield,81.1467615248449,196,4
Chichester,95.82874393053764,159,30,0,10,0,0,1
Chingford and Woodford Green,81.4844645804706,200
Chippenham,93.183336714678,158,37,0,5
Chipping Barnet,74.98955826051423,198,2
Chorley,90.3741897344854,181,16,0,3
Christchurch,87.62355110231657,187,10,3
Cities of London and Westminster,52.90598328580504,200
City of Durham,88.50633745371181,171,25,0,4
Clacton,96.43630184555205,169,23,0,6,0,2
Clapham and Brixton Hill,65.01134861878909,200
Colchester,90.6901367731252,198,2
Colne Valley,95.38456269897932,174,21,0,5
Congleton,95.01503704032443,171,23,0,5,0,1
Corby and East Northamptonshire,95.44609430211972,119,45,25,0,9,0,0,2
Coventry East,77.64019417555974,200
Coventry North West,89.0875943582423,196,4
Coventry South,68.12461915799135,200
Cramlington and Killingworth,91.28924840728695,187,10,3
Crawley,89.23793809870254,194,6
Crewe and Nantwich,93.07506919274076,185,11,4
Croydon East,77.42455753424916,200
Croydon South,78.76814345456893,198,2
Croydon West,60.67742495721284,200
Dagenham and Rainham,80.73240371925269,196,4
Darlington,90.637347119451,182,13,5
Dartford,81.82115068986903,192,8
Daventry,94.78726417568342,99,69,0,22,0,8,0,0,2
Derby North,82.68187471526943,200
Derby South,85.16732456582756,198,2
Derbyshire Dales,93.69121964504379,92,70,0,25,0,10,0,0,3
Dewsbury and Batley,82.5484816870356,200
Didcot and Wantage,94.97422042300042,141,43,0,15,0,1
Doncaster Central,87.89459212625859,185,15
Doncaster East and the Isle of Axholme,95.6880816188996,145,43,0,10,0,0,2
Doncaster North,94.88397911519098,156,26,15,0,3
Dorking and Horley,94.56737121291664,161,31,0,7,0,1
Dover and Deal,95.66378045379432,170,22,0,7,0,1
Droitwich and Evesham,89.18181484299812,131,51,17,0,1
Dudley,73.3121421244709,199,1
Dulwich and West Norwood,62.318657686883675,200
Dunstable and Leighton Buzzard,90.75299023488958,189,11
Ealing Central and Acton,74.47632136789409,200
Ealing North,80.88600128619994,200
Ealing Southall,46.14111888818787,200
Earley and Woodley,86.2171322174893,198,2
Easington,93.78401970300918,179,18,0,3
East Grinstead and Uckfield,91.99872131726939,150,36,0,13,0,1
East Ham,79.58059685665789,200
East Hampshire,93.8802634705116,129,54,0,15,0,2
East Surrey,96.28696104690628,163,26,0,8,0,3
East Thanet,82.68926224099124,199,1
East Wiltshire,95.45171801984999,88,73,0,28,0,0,10,0,0,0,1
East Worthing and Shoreham,91.19676858976818,192,8
Eastbourne,92.05059502130358,195,5
Eastleigh,87.05440963142463,196,4
Edmonton and Winchmore Hill,82.50080681482245,200
Ellesmere Port and Bromborough,92.87583810152455,197,3
Eltham and Chislehurst,82.81581353290237,200
Ely and East Cambridgeshire,95.01835550245609,102,69,0,19,0,8,0,0,2
Enfield North,90.06010385752079,197,3
Epping Forest,90.60391264701742,183,15,0,2
Epsom and Ewell,93.44150151532978,192,8
Erewash,87.1399728138092,196,4
Erith and Thamesmead,77.8564883584312,200
Esher and Walton,93.32249790369531,193,6,1
Exeter,87.84507880753611,197,3
Exmouth and Exeter East,90.50304368193453,165,31,0,4
Fareham and Waterlooville,89.07754658884839,186,12,2
Farnham and Bordon,92.2508834925817,177,21,0,2
Faversham and Mid Kent,95.02501456868826,144,40,0,14,0,2
Feltham and Heston,81.24602212615555,200
Filton and Bradley Stoke,73.37683415671673,197,3
Finchley and Golders Green,83.26876795419652,200
Folkestone and Hythe,93.43028229768237,162,26,11,0,1
Forest of Dean,93.46781842346235,119,58,0,22,0,0,1
Frome and East Somerset,93.81381826839997,126,42,23,0,8,0,0,1
Fylde,95.10697510092183,166,23,9,0,2
Gainsborough,94.06434020589506,46,78,45,0,21,0,0,9,0,0,0,1
Gateshead Central and Whickham,88.02275079767935,200
Gedling,87.76242908764684,194,6
Gillingham and Rainham,91.14533569755802,196,4
Glastonbury and Somerton,94.28835067649722,110,63,0,22,0,0,5
Gloucester,89.16183146621388,199,1
Godalming and Ash,94.15125539048293,156,32,0,10,0,0,2
Goole and Pocklington,93.67912911335377,106,68,0,23,0,0,3
Gorton and Denton,56.39216060362663,200
Gosport,92.4610703602357,196,4
Grantham and Bourne,96.43473205631663,102,66,0,27,0,0,5
Gravesham,92.39330782214907,181,14,5
Great Grimsby and Cleethorpes,90.06686628947239,197,3
Great Yarmouth,93.87833416967334,173,24,0,3
Greenwich and Woolwich,63.03038089833356,200
Guildford,92.47578004510832,180,16,4
Hackney North and Stoke Newington,62.360173562669104,200
Hackney South and Shoreditch,0.0
Halesowen,78.54566741150168,200
Halifax,81.23813651227414,197,3
Hamble Valley,88.51568533472552,184,12,4
Hammersmith and Chiswick,0.0
Hampstead and Highgate,75.07600364095303,200
"Harborough, Oadby and Wigston",92.7958028632416,171,21,8
Harlow,89.29100068223522,181,18,0,1
Harpenden and Berkhamsted,92.26111012783745,153,33,14
Harrogate and Knaresborough,91.55076720554912,181,18,0,1
Harrow East,86.42186805311945,200
Harrow West,71.46832803633917,200
Hartlepool,90.73080918087973,187,11,0,2
Harwich and North Essex,91.64811350902998,151,46,0,3
Hastings and Rye,92.83027656262932,184,16
Havant,92.24451946187244,191,9
Hayes and Harlington,92.03137956161147,197,3
Hazel Grove,89.828641962474,191,7,2
Hemel Hempstead,86.11559122712009,195,5
Hendon,77.97425150053769,200
Henley and Thame,94.89681002966184,132,49,0,18,0,0,1
Hereford and South Herefordshire,93.50697702484861,84,64,36,0,15,0,0,1
Herne Bay and Sandwich,94.33033057762293,163,32,0,5
Hertford and Stortford,90.36676076368174,186,10,4
Hertsmere,91.43676166182358,183,14,3
Hexham,94.19626690895349,0,53,80,0,41,0,0,17,0,0,0,8,0,0,0,0,0,0,1
Heywood and Middleton North,90.32280892735712,190,10
High Peak,94.07427549508611,118,44,26,0,11,0,0,1
Hinckley and Bosworth,94.33908274369395,163,26,0,8,0,3
Hitchin,88.80590876411736,161,26,12,0,1
Holborn and St Pancras,0.0
Honiton and Sidmouth,95.66904883973433,125,51,0,15,0,8,0,0,0,1
Hornchurch and Upminster,88.26803483544069,196,4
Hornsey and Friern Barnet,59.05131497026987,200
Horsham,94.61185566490072,160,29,0,10,0,0,1
Houghton and Sunderland South,91.14076784463188,189,9,2
Hove and Portslade,91.8809651112073,199,1
Huddersfield,86.01245326693994,195,5
Huntingdon,96.36483493075512,127,48,0,17,0,7,0,0,1
Hyndburn,92.45607525633554,184,11,5
Ilford North,85.51709347964857,200
Ilford South,57.7727383454829,200
Ipswich,85.64016433573025,198,2
Isle of Wight East,93.05058856564267,185,14,0,1
Isle of Wight West,96.21213410656173,161,29,0,8,0,2
Islington North,0.0
Islington South and Finsbury,0.0
Jarrow and Gateshead East,88.95957859603641,196,4
Keighley and Ilkley,94.50576435119848,169,23,8
Kenilworth and Southam,89.51191987024667,117,67,0,15,0,0,1
Kensington and Bayswater,52.15360282030644,200
Kettering,95.58429098518108,154,28,15,0,3
Kingston and Surbiton,62.296385674261266,200
Kingston upon Hull East,76.76570528616473,197,3
Kingston upon Hull North and Cottingham,86.25165476443402,199,1
Kingston upon Hull West and Haltemprice,90.57524786922193,196,4
Kingswinford and South Staffordshire,90.52571813641653,174,24,0,2
Knowsley,78.35709548649604,197,3
Lancaster and Wyre,95.26545477580835,143,42,0,12,0,0,3
Leeds Central and Headingley,66.89501500421723,200
Leeds East,83.71829140472207,198,2
Leeds North East,89.85491217291508,197,3
Leeds North West,77.89330776165828,190,8,2
Leeds South West and Morley,85.96333579644039,196,4
Leeds South,87.71112983816121,196,4
Leeds West and Pudsey,78.5295045927904,198,2
Leicester East,86.57591387470198,200
Leicester South,67.77757214597153,200
Leicester West,77.49817639861978,200
Leigh and Atherton,87.08111787454854,200
Lewes,93.31020404900457,155,35,0,9,0,0,1
Lewisham East,74.25219933567519,200
Lewisham North,33.02790128700636,200
Lewisham West and East Dulwich,45.95781043421627,200
Leyton and Wanstead,75.16357744430059,200
Lichfield,95.30999970708166,157,31,0,11,0,1
Lincoln,88.56866496331163,194,6
Liverpool Garston,81.33780939183383,196,4
Liverpool Riverside,88.7698315156106,200
Liverpool Walton,73.27362320307317,200
Liverpool Wavertree,63.2093725166155,200
Liverpool West Derby,77.47344221806614,200
Loughborough,92.57847822899475,180,19,1
Louth and Horncastle,96.73920894288521,44,76,46,0,24,0,0,9,0,0,0,0,1
Lowestoft,93.32193321731356,188,12
Luton North,71.53998252783958,200
Luton South and South Bedfordshire,87.23703451580747,191,9
Macclesfield,96.6128348900162,159,30,0,10,0,0,1
Maidenhead,91.63831747517247,171,19,9,0,1
Maidstone and Malling,81.01634406929635,196,4
Makerfield,82.32488593829812,197,3
Maldon,95.67821420384709,135,50,0,14,0,1
Manchester Central,63.19560426071908,200
Manchester Rusholme,77.93733270361956,200
Manchester Withington,68.15464879577335,200
Mansfield,89.76785420199111,193,7
Melksham and Devizes,93.5617638399186,141,47,0,9,0,3
Melton and Syston,95.82884600675952,111,49,26,0,12,0,0,2
Meriden and Solihull East,90.6553878819696,185,14,0,1
Mid Bedfordshire,93.73183853266106,146,29,17,0,7,0,0,1
Mid Buckinghamshire,92.29596951028131,122,59,0,16,0,3
Mid Cheshire,91.47470792330303,182,13,5
Mid Derbyshire,88.7079885726153,184,14,2
Mid Dorset and North Poole,94.02902997181253,145,34,19,0,2
Mid Leicestershire,89.2200367211456,184,14,0,2
Mid Norfolk,95.43661552917732,98,64,0,23,0,13,0,0,2
Mid Sussex,92.09517779400137,177,20,0,3
Middlesbrough and Thornaby East,83.7866809725729,199,1
Middlesbrough South and East Cleveland,91.94662408113655,175,22,0,3
Milton Keynes Central,89.52236125612284,192,8
Milton Keynes North,95.17399083038634,160,25,12,0,3
Mitcham and Morden,53.285377090764456,200
Morecambe and Lunesdale,93.56006440153597,63,78,40,0,17,0,0,2
New Forest East,96.90197450462864,133,36,21,0,9,0,0,1
New Forest West,94.31814218274653,145,46,0,9
Newark,93.08608860466668,103,72,0,22,0,0,3
Newbury,95.61896799882649,148,37,0,13,0,0,2
Newcastle upon Tyne Central and West,88.63256800813012,199,1
Newcastle upon Tyne East and Wallsend,88.25142547254256,200
Newcastle upon Tyne North,82.87295511710938,197,3
Newcastle-under-Lyme,95.0896905256644,181,14,5
Newton Abbot,92.18467799098187,163,24,12,0,1
Newton Aycliffe and Spennymoor,94.32339814148561,166,25,0,7,0,2
Normanton and Hemsworth,94.77181491669944,179,18,0,3
North Bedfordshire,95.222548104173,116,59,0,22,0,3
North Cornwall,94.16167184776631,44,97,0,37,0,19,0,0,3
North Cotswolds,89.94154988526309,40,93,47,0,19,0,0,1
North Devon,96.05725572728821,84,76,0,27,0,0,12,0,0,0,1
North Dorset,93.87363020212949,103,64,0,23,0,8,0,0,2
North Durham,92.61365089303044,159,32,9
North East Cambridgeshire,95.14825081626316,112,48,28,0,10,0,0,2
North East Derbyshire,89.57521807297108,166,32,2
North East Hampshire,96.19817563161544,157,31,0,10,0,0,2
North East Hertfordshire,95.38077886305908,123,45,21,0,9,0,0,2
North East Somerset and Hanham,87.14322881801998,172,26,0,2
North Herefordshire,91.91163138019962,58,91,0,35,0,0,13,0,0,0,3
North Norfolk,96.06536873742621,90,70,0,27,0,13
North Northumberland,95.41491230907046,9,117,0,43,0,24,0,0,0,6,0,0,0,0,0,1
North Shropshire,92.47901948605836,75,70,41,0,12,0,0,2
North Somerset,91.59570013812258,168,21,9,0,2
North Warwickshire and Bedworth,92.35734256056149,152,36,12
North West Cambridgeshire,93.11406054346197,130,47,21,0,2
North West Essex,94.72713271861028,117,63,0,17,0,0,3
North West Hampshire,95.83155731880174,127,41,23,0,8,0,0,1
North West Leicestershire,93.65807462285923,169,27,0,4
North West Norfolk,94.97831157218596,96,72,0,20,0,11,0,0,0,1
Northampton North,84.00843122500096,199,1
Northampton South,80.68757338833035,200
Norwich North,75.7411911240634,200
Norwich South,79.19851321932086,199,1
Nottingham East,76.73172347722064,200
Nottingham North and Kimberley,75.56318327195,198,2
Nottingham South,73.85323116866124,200
Nuneaton,90.953512892948,191,7,2
Old Bexley and Sidcup,88.19670208535697,200
Oldham East and Saddleworth,94.02109770443315,183,13,4
"Oldham West, Chadderton and Royton",80.6342159484953,200
Orpington,91.92083949410718,192,8
Ossett and Denby Dale,91.5438047360344,180,16,4
Oxford East,79.08077497831817,200
Oxford West and Abingdon,90.49891587563678,183,15,2
Peckham,43.910280016728066,200
Pendle and Clitheroe,93.98123033759371,164,31,0,5
Penistone and Stocksbridge,95.26568186875693,159,28,0,10,0,3
Penrith and Solway,95.04546341981909,0,104,0,56,0,33,0,0,6,0,0,0,0,1
Peterborough,96.0538432068273,174,20,0,6
Plymouth Moor View,84.87013751194243,200
Plymouth Sutton and Devonport,75.67686576743245,200
"Pontefract, Castleford and Knottingley",82.24189334029009,193,7
Poole,85.76417872462473,198,2
Poplar and Limehouse,40.3892089216226,200
Portsmouth North,89.16959465563806,196,4
Portsmouth South,71.55361050476577,200
Preston,85.8629893549717,200
Putney,73.06746666722402,200
Queen's Park and Maida Vale,0.0
Rawmarsh and Conisbrough,84.31759356561975,191,9
Rayleigh and Wickford,89.80642994989726,192,8
Reading Central,78.20120485569714,200
Reading West and Mid Berkshire,95.5024975325736,157,35,0,7,0,1
Redcar,84.24369343318824,190,9,1
Redditch,89.49688873745238,175,21,4
Reigate,92.96626357673806,187,13
Ribble Valley,94.07137951720313,123,54,0,19,0,0,4
Richmond and Northallerton,93.66595987223077,0,82,72,0,36,0,0,9,0,0,0,0,1
Richmond Park,76.99170270403437,199,1
Rochdale,92.14385706519866,187,10,3
Rochester and Strood,95.8053046559446,163,24,11,0,2
Romford,86.16891898384472,200
Romsey and Southampton North,94.2346835813621,128,50,0,17,0,5
Rossendale and Darwen,90.55190630861007,164,27,9
Rother Valley,92.20595227367812,177,18,0,5
Rotherham,82.32044893119144,200
Rugby,95.27245065917856,166,25,0,8,0,1
"Ruislip, Northwood and Pinner",84.26922545563595,197,3
Runcorn and Helsby,94.63748624090557,163,26,9,0,2
Runnymede and Weybridge,86.4804397415896,193,7
Rushcliffe,95.86806396249587,160,29,0,10,0,0,1
Rutland and Stamford,95.16435101600094,80,79,0,29,0,11,0,0,1
Salford,74.50919023330627,200
Salisbury,95.88418147718212,110,64,0,23,0,0,3
Scarborough and Whitby,94.66076993702518,72,70,41,0,16,0,0,1
Scunthorpe,96.27580872675759,155,40,0,5
Sefton Central,90.31691394908118,189,11
Selby,93.58480049821492,136,48,0,14,0,0,2
Sevenoaks,94.80211319048419,155,27,15,0,3
Sheffield Brightside and Hillsborough,85.13989024277123,200
Sheffield Central,63.83034307877718,200
Sheffield Hallam,92.5584632023557,181,17,0,2
Sheffield Heeley,83.84392751907065,200
Sheffield South East,84.22338237613546,199,1
Sherwood Forest,93.94190920576362,155,41,0,4
Shipley,84.55297461767346,190,10
Shrewsbury,93.11077865400574,157,33,0,9,0,0,1
Sittingbourne and Sheppey,96.36538180080323,160,25,14,0,1
Skipton and Ripon,94.9772455464736,0,85,69,0,32,0,0,13,0,0,0,0,1
Sleaford and North Hykeham,96.40447942329139,110,56,0,23,0,10,0,0,1
Slough,74.15069068086994,200
Smethwick,71.84050360090296,200
Solihull West and Shirley,78.86864821361695,197,3
South Basildon and East Thurrock,88.64799357302742,183,14,0,3
South Cambridgeshire,94.17798135311958,119,58,0,20,0,3
South Cotswolds,93.18944304127653,102,64,0,22,0,11,0,0,0,1
South Derbyshire,92.81867637435303,146,39,14,0,1
South Devon,93.1930417900632,120,60,0,16,0,0,4
South Dorset,92.42113105297473,137,43,18,0,2
South East Cornwall,94.46543622422351,114,58,0,18,0,9,0,0,0,1
South Holland and The Deepings,94.48743308245061,105,59,0,23,0,12,0,0,0,1
South Leicestershire,95.83216420226358,157,31,0,10,0,0,2
South Norfolk,91.81715613939755,128,54,0,15,0,3
South Northamptonshire,94.21751495856182,111,69,0,17,0,3
South Ribble,91.95633868001636,180,18,0,2
South Shields,85.35462277427982,196,4
South Shropshire,94.76016409236988,26,106,0,38,0,22,0,0,6,0,0,0,0,2
South Suffolk,95.25231651931892,103,54,30,0,12,0,0,1
South West Devon,94.29270233709045,147,37,0,13,0,3
South West Hertfordshire,87.41157720599894,191,9
South West Norfolk,93.89940086072102,42,86,48,0,17,0,0,6,0,0,0,0,1
South West Wiltshire,95.34034791166223,143,41,0,15,0,0,1
Southampton Itchen,77.46361827560152,200
Southampton Test,76.05651991265168,200
Southend East and Rochford,77.34367052030721,166,22,10,0,2
Southend West and Leigh,81.9522678276645,198,2
Southgate and Wood Green,31.341843676592916,200
Southport,94.68820076537052,173,22,0,5
Spelthorne,88.69317757961478,195,5
Spen Valley,88.71243960204426,193,7
St Albans,82.78334845057653,195,5
St Austell and Newquay,90.0489384020527,157,30,10,0,3
St Helens North,88.93972848261076,190,10
St Helens South and Whiston,88.64293557427062,194,6
St Ives,89.82855778992517,90,67,40,0,3
St Neots and Mid Cambridgeshire,95.54267520738496,150,38,0,11,0,1
Stafford,94.76193956705144,129,41,22,0,7,0,0,1
Staffordshire Moorlands,96.20909207314658,136,41,0,15,0,7,0,0,1
Stalybridge and Hyde,92.34029521504003,191,9
Stevenage,85.01180411225133,194,6
Stockport,84.90999220052656,200
Stockton North,88.17628692308088,188,11,1
Stockton West,85.2545518937905,174,18,7,0,1
Stoke-on-Trent Central,85.57033595215243,197,3
Stoke-on-Trent North,90.05061001615428,195,5
Stoke-on-Trent South,92.28854927509133,179,19,0,2
"Stone, Great Wyrley and Penkridge",94.36380043532255,124,50,24,0,2
Stourbridge,70.16913150062517,200
Stratford and Bow,38.84368081053842,200
Stratford-on-Avon,93.10927910324294,94,59,34,0,11,0,0,2
Streatham and Croydon North,36.10881564026358,200
Stretford and Urmston,85.1012262752045,195,5
Stroud,92.58108022561943,164,27,0,8,0,1
Suffolk Coastal,94.33063052364123,99,76,0,23,0,2
Sunderland Central,71.4346920506092,199,1
Surrey Heath,93.42362523294203,182,17,0,1
Sussex Weald,94.00307151730284,137,46,0,16,0,0,1
Sutton and Cheam,65.99872930399903,200
Sutton Coldfield,91.17194489667511,191,7,2
Swindon North,92.77071254067286,181,13,6
Swindon South,84.82237218896078,200
Tamworth,95.05853641901778,166,23,9,0,2
Tatton,92.56822563968846,152,36,0,10,0,2
Taunton and Wellington,93.81216223367534,162,31,0,6,0,1
Telford,90.41121097622455,193,7
Tewkesbury,90.4442195570222,147,33,16,0,4
The Wrekin,94.46338351041607,125,57,0,14,0,4
Thirsk and Malton,92.90978182897261,0,124,0,47,0,20,0,0,8,0,0,0,0,1
Thornbury and Yate,95.31757120218577,135,45,0,18,0,2
Thurrock,92.38375989217059,191,7,2
Tipton and Wednesbury,79.5690932142011,200
Tiverton and Minehead,94.66384455307346,31,88,49,0,22,0,0,9,0,0,0,1
Tonbridge,92.40437501113077,157,37,0,6
Tooting,70.24397129011473,200
Torbay,92.92851324101132,188,11,0,1
Torridge and Tavistock,90.86612330779195,13,117,0,45,0,24,0,0,0,1
Tottenham,56.13449887124283,200
Truro and Falmouth,90.49105744060655,128,47,23,0,2
Tunbridge Wells,91.79714627672196,169,26,0,5
Twickenham,71.82939474394935,200
Tynemouth,86.66862240761984,198,2
Uxbridge and South Ruislip,79.89576558464871,200
Vauxhall and Camberwell Green,56.4440515646281,200
Wakefield and Rothwell,89.09009322552139,195,5
Wallasey,87.75008510227438,200
Walsall and Bloxwich,89.7887666639403,200
Walthamstow,83.31962282201444,200
Warrington North,91.56655226863985,188,9,3
Warrington South,89.93042539133477,191,9
Warwick and Leamington,90.46700959455269,190,8,2
Washington and Gateshead South,89.25018468333525,194,6
Watford,84.5157418009463,199,1
Waveney Valley,94.18699619478892,74,80,0,30,0,14,0,0,2
Weald of Kent,93.69810812186296,104,66,0,21,0,8,0,0,0,1
Wellingborough and Rushden,90.78945901766654,187,11,2
Wells and Mendip Hills,95.18054040703679,113,58,0,20,0,7,0,0,2
Welwyn Hatfield,88.02647066736733,182,13,5
West Bromwich,71.97590158968062,200
West Dorset,93.61818413387407,88,75,0,27,0,0,9,0,0,0,1
West Ham and Beckton,83.21093113527323,200
West Lancashire,95.16623401311912,154,29,14,0,3
West Suffolk,92.74259658476038,75,67,38,0,19,0,0,1
West Worcestershire,89.37832383876199,103,79,0,17,0,1
Westmorland and Lonsdale,95.50908885414297,0,104,0,57,0,28,0,0,0,10,0,0,0,0,0,1
Weston-super-Mare,89.82030317529012,188,9,3
Wetherby and Easingwold,92.99218202488247,81,77,0,29,0,12,0,0,1
Whitehaven and Workington,96.64796093845962,110,47,28,0,12,0,0,3
Widnes and Halewood,89.89044690161825,191,8,1
Wigan,93.87894848023605,191,8,1
Wimbledon,65.0381417144944,200
Winchester,95.81786098093303,128,46,0,17,0,8,0,0,1
Windsor,88.6988416786874,186,12,2
Wirral West,95.7240229771783,179,19,0,2
Witham,93.7991151967688,147,38,0,13,0,0,2
Witney,93.8213455227008,127,54,0,16,0,0,3
Woking,84.13866915999326,193,7
Wokingham,93.28785192950633,186,13,0,1
Wolverhampton North East,85.94474600182242,200
Wolverhampton South East,87.51357704936629,199,1
Wolverhampton West,84.52485163636268,199,1
Worcester,89.36479209431783,196,4
Worsley and Eccles,92.8735947269043,188,9,3
Worthing West,87.34343081838142,189,8,3
Wycombe,90.17989909790955,183,15,0,2
Wyre Forest,93.07068595219314,172,26,0,2
Wythenshawe and Sale East,84.84244380743444,200
Yeovil,93.91204245431207,136,37,22,0,5
York Central,67.75315299449957,200
York Outer,91.55257713578666,157,33,10
"Berwickshire, Roxburgh and Selkirk",95.08012632561552,0,74,0,69,0,38,0,0,15,0,0,0,0,3,0,0,0,0,0,0,1
Arbroath and Broughty Ferry,96.13901102579781,147,37,0,14,0,0,2
Dunfermline and Dollar,95.0324359294798,155,27,15,0,3
Airdrie and Shotts,94.15848216638192,158,24,13,0,5
East Kilbride and Strathaven,95.54458367349235,158,33,0,8,0,1
East Renfrewshire,90.31103035908382,176,21,0,3
Edinburgh East and Musselburgh,78.16388168755644,200
Edinburgh North and Leith,67.94036531153577,200
Edinburgh South West,91.58636788236444,187,13
Alloa and Grangemouth,90.5735232383736,177,22,0,1
Glasgow South West,73.78916732270423,200
Inverclyde and Renfrewshire West,95.91632649118357,170,25,0,5
Kilmarnock and Loudoun,94.49184094046005,108,66,0,25,0,0,1
Livingston,94.64178934447995,157,30,12,0,1
Midlothian,95.432261388095,150,36,0,11,0,3
"Motherwell, Wishaw and Carluke",93.89377685048252,174,25,0,1
Paisley and Renfrewshire South,91.0939688415071,176,18,6
Angus and Perthshire Glens,94.74377199444754,0,46,0,83,0,48,0,0,0,16,0,0,0,0,0,6,0,0,0,0,0,0,0,1
Stirling and Strathallan,94.83932020747514,0,105,0,56,0,29,0,0,0,9,0,0,0,0,0,1
West Dunbartonshire,93.2063738321038,174,22,0,4
"Moray West, Nairn and Strathspey",94.49507560545361,0,35,0,86,0,52,0,0,21,0,0,0,0,5,0,0,0,0,0,0,1
"Argyll, Bute and South Lochaber",64.68654996961949,0,0,33,0,144,0,0,22,0,0,0,0,1
West Aberdeenshire and Kincardine,94.03349187332307,0,74,0,68,0,37,0,0,18,0,0,0,0,3
Gordon and Buchan,95.79030466512114,17,105,0,43,0,25,0,0,0,9,0,0,0,0,0,1
Cowdenbeath and Kirkcaldy,92.22429756747859,181,18,0,1
Aberdeen South,89.74945578914596,190,10
Edinburgh West,92.87789890155015,185,13,0,2
Lothian East,96.43507178582905,119,52,0,20,0,8,0,0,0,1
"Ayr, Carrick and Cumnock",94.97829602026808,3,96,60,0,27,0,0,13,0,0,0,0,1
Central Ayrshire,90.23468050582242,159,28,12,0,1
Orkney and Shetland,54.2527447874237,0,162,0,33,0,0,5
Na h-Eileanan an Iar,66.71260823434159,0,112,0,66,0,20,0,0,0,2
North Ayrshire and Arran,93.78200206093445,95,76,0,27,0,0,2
Perth and Kinross-shire,93.31459435836179,21,110,0,47,0,20,0,0,2
Dundee Central,90.73939830843354,196,4
Falkirk,94.09496254015028,170,27,0,3
Bathgate and Linlithgow,92.86022059697913,170,29,0,1
"Inverness, Skye and West Ross-shire",77.95250404888299,0,0,0,80,0,89,0,0,0,23,0,0,0,0,0,7,0,0,0,0,0,0,0,1
Edinburgh South,85.49091946174352,198,2
Dumfries and Galloway,93.34543913960985,0,61,0,76,0,42,0,0,17,0,0,0,0,3,0,0,0,0,0,0,0,1
Paisley and Renfrewshire North,91.82514338099058,188,12
Aberdeenshire North and Moray East,93.47496388028792,0,97,67,0,30,0,0,6
"Caithness, Sutherland and Easter Ross",89.59687195295369,0,0,3,0,110,0,0,54,0,0,0,20,0,0,0,0,0,0,12,0,0,0,0,0,0,0,0,0,1
Glasgow East,67.97231757691348,200
Mid Dunbartonshire,91.72322224271868,182,17,0,1
Glasgow North,79.60280710655623,199,1
Glasgow South,81.0352638915659,200
Glasgow West,83.30277709385447,200
Cumbernauld and Kirkintilloch,87.1628134136886,185,14,0,1
Coatbridge and Bellshill,83.70776220208255,194,6
Hamilton and Clyde Valley,93.4757999892864,161,37,0,2
Rutherglen,84.48448273123958,199,1
Glasgow North East,91.24960059316292,198,2
Aberdeen North,91.90302167748153,182,13,5
"Dumfriesshire, Clydesdale and Tweeddale",94.19110208255418,0,50,0,77,0,46,0,0,19,0,0,0,0,7,0,0,0,0,0,0,0,1
North East Fife,96.79612726790612,107,59,0,24,0,0,9,0,0,0,1
Glenrothes and Mid Fife,91.21389843451448,178,20,0,2
Aberafan Maesteg,95.44047272209968,155,27,15,0,3
Alyn and Deeside,94.32807624673379,169,30,0,1
Bangor Aberconwy,95.64333577047901,61,83,0,33,0,17,0,0,5,0,0,0,0,1
Blaenau Gwent and Rhymney,94.3111999426194,176,22,0,2
"Brecon, Radnor and Cwm Tawe",95.20492820809169,0,57,81,0,40,0,0,16,0,0,0,4,0,0,0,0,0,0,2
Bridgend,93.82110103684592,178,16,6
Caerfyrddin,95.2383467914925,8,109,0,46,0,25,0,0,10,0,0,0,0,2
Caerphilly,93.97230197448708,181,15,0,4
Cardiff East,83.62051040543136,200
Cardiff North,87.01067782928777,198,2
Cardiff South and Penarth,85.26310556811048,194,6
Cardiff West,84.28365251692082,195,5
Ceredigion Preseli,92.32263219293176,0,43,97,0,45,0,0,14,0,0,0,1
Clwyd East,93.65845986064302,112,64,0,22,0,0,2
Clwyd North,92.04598420086573,175,20,5
Dwyfor Meirionnydd,94.48268137029649,0,85,0,69,0,33,0,0,12,0,0,0,0,1
Gower,94.03837840820577,134,41,22,0,3
Llanelli,94.62029742834447,150,35,0,12,0,0,3
Merthyr Tydfil and Aberdare,95.52440264169189,163,28,0,7,0,2
Mid and South Pembrokeshire,89.46678607132488,37,92,51,0,19,0,0,1
Monmouthshire,94.46093887074079,96,68,0,24,0,10,0,0,0,2
Montgomeryshire and Glyndwr,94.58974599563064,0,126,0,46,0,0,20,0,0,0,6,0,0,0,0,0,2
Neath and Swansea East,94.86567107915798,166,30,0,4
Newport East,86.83081043716717,181,17,0,2
Newport West and Islwyn,90.23005363479051,182,16,2
Pontypridd,91.46175341859417,182,18
Rhondda and Ogmore,96.87035871849037,162,23,13,0,2
Swansea West,77.00084367207465,200
Torfaen,90.72496279573991,182,18
Vale of Glamorgan,97.6141854658336,157,30,0,9,0,4
Wrexham,94.08765004240833,157,36,0,7
Ynys Mon,96.07624662947174,120,52,0,19,0,0,7,0,0,0,2
,
mean,85.91812628295395
median,90.62062988323422
min,0.0
max,97.6141854658336
sigma,13.995920008212373
